customer_id,customer_name,Email Address,street_1,street_2,zip,city,phone_number
1,Kurt Norman,Kurt_Norman1640@dionrab.com,Carlton  Route,Dunsley  Route,14201,Buffalo,6-601-433-8472
2,Ronald Tate,Ronald_Tate7618@supunk.biz,Baltic  Avenue,Carnegie   Boulevard,14202,Buffalo,3-757-776-6320
3,Marvin Rycroft,Marvin_Rycroft8725@twipet.com,Lexington Walk,Lake Alley,14203,Buffalo,5-216-211-4652
4,Summer Graves,Summer_Graves5392@muall.tech,Thurloe   Avenue,Burton  Walk,14204,Buffalo,3-523-483-7325
5,Leah Ellis,Leah_Ellis6550@atink.com,Lexington Avenue,Lonsdale  Lane,14205,Buffalo,1-205-632-4743
6,Liam James,Liam_James4719@bulaffy.com,Emden   Vale,Clarges   Drive,14206,Buffalo,3-702-820-6254
7,Martha Gates,Martha_Gates3872@guentu.biz,Epworth  Road,Wager   Lane,14207,Buffalo,1-430-657-3741
8,Josh Goldsmith,Josh_Goldsmith5448@cispeto.com,Thorndike   Road,Monroe Road,14208,Buffalo,0-803-468-0434
9,Harry Cameron,Harry_Cameron7998@guentu.biz,Liverpool  Route,Caxton  Crossroad,14209,Buffalo,6-211-365-4437
10,Chris Mccormick,Chris_Mccormick497@liret.org,Bolingbroke  Alley,Boadicea   Pass,14210,Buffalo,6-558-643-0030
11,Chester Thorne,Chester_Thorne2813@acrit.org,Union  Street,Vine  Road,14211,Buffalo,3-102-733-7388
12,Margaret Buckley,Margaret_Buckley5770@acrit.org,Kinglake  Road,Sherlock   Grove,14212,Buffalo,3-432-865-1208
13,Shay Hobbs,Shay_Hobbs9281@joiniaa.com,Linda   Drive,Tilson  Tunnel,14213,Buffalo,0-106-602-4837
14,Abdul Neal,Abdul_Neal9439@womeona.net,Norland  Way,Chartham  Tunnel,14214,Buffalo,8-031-352-1604
15,Taylor Ross,Taylor_Ross2191@gembat.biz,Blackpool  Hill,Timber   Walk,14215,Buffalo,7-152-414-0862
16,Rosemary Hardwick,Rosemary_Hardwick3895@iatim.tech,Virginia Rue,Sheffield Pass,14216,Buffalo,4-317-226-6287
17,Sebastian Driscoll,Sebastian_Driscoll4773@sveldo.biz,Enderby   Vale,Unwin  Rue,14217,Buffalo,0-271-728-2538
18,Phillip Attwood,Phillip_Attwood1189@nickia.com,Durweston   Street,Baynes  Boulevard,14218,Buffalo,2-871-144-0085
19,Ciara Underhill,Ciara_Underhill9465@twace.org,Monroe Boulevard,Apollo  Drive,14219,Buffalo,3-141-832-4263
20,Gil Exton,Gil_Exton3673@vetan.org,Byland  Boulevard,Ely  Hill,14220,Buffalo,3-882-667-0430
21,Chris Matthews,Chris_Matthews6757@ovock.tech,Blomfield  Alley,Bendmore  Way,14221,Buffalo,3-578-671-4272
22,Sofia Hancock,Sofia_Hancock2414@bauros.biz,Aspen Avenue,Cardinal Tunnel,14222,Buffalo,6-246-816-5653
23,Benny Gavin,Benny_Gavin3990@brety.org,Elia   Drive,Blandford  Road,14223,Buffalo,4-080-673-2835
24,Hayden Flanders,Hayden_Flanders4941@famism.biz,Blackall   Drive,Chesterfield  Hill,14224,Buffalo,0-107-384-6316
25,Rocco Evans,Rocco_Evans8156@zorer.org,Bagford   Drive,Apostle  Grove,14225,Buffalo,8-148-280-8351
26,Roger Bailey,Roger_Bailey314@hourpy.biz,Archery  Route,Bermondsey    Tunnel,14226,Buffalo,6-360-203-6258
27,Mark Vincent,Mark_Vincent3556@irrepsy.com,Cave   Way,Norfolk  Grove,14227,Buffalo,3-820-764-7538
28,Nick Redwood,Nick_Redwood2189@atink.com,Timothy  Road,St. Pauls  Way,14228,Buffalo,8-031-485-1655
29,Kate Roscoe,Kate_Roscoe7962@twace.org,Biggerstaff   Walk,Chartham  Grove,14229,Buffalo,0-731-257-5817
30,Gabriel Little,Gabriel_Little6720@deavo.com,Biggerstaff   Avenue,Blenkarne  Avenue,14230,Buffalo,7-814-357-6375
31,Kieth Bailey,Kieth_Bailey6915@twipet.com,Ely  Road,Tilloch   Alley,14231,Buffalo,6-264-445-6148
32,Sabrina Allen,Sabrina_Allen520@bauros.biz,Belmore  Boulevard,Sundown Tunnel,14232,Buffalo,1-620-086-1156
33,Sebastian Warren,Sebastian_Warren7765@naiker.biz,Aylward   Route,Blackheath  Rue,14233,Buffalo,3-241-286-8335
34,Livia Bennett,Livia_Bennett3027@gmail.com,St. Pauls  Rue,Calvin   Drive,14234,Buffalo,8-521-841-2112
35,Harmony Brock,Harmony_Brock5431@hourpy.biz,Beatty  Pass,Dunstans  Street,14235,Buffalo,6-476-468-4568
36,Sabina Doherty,Sabina_Doherty9115@deons.tech,Cloth  Tunnel,Fairbairn  Alley,14236,Buffalo,3-163-750-2401
37,Anthony Maxwell,Anthony_Maxwell3740@gembat.biz,Gavel   Grove,Andrews  Rue,14237,Buffalo,0-155-856-1302
38,Ethan Scott,Ethan_Scott47@twace.org,Caxton  Tunnel,Chester  Route,14238,Buffalo,8-781-672-3640
39,Barney Welsch,Barney_Welsch7627@nanoff.biz,Betton  Grove,Bagford   Route,14239,Buffalo,2-746-174-1203
40,Tony Eddison,Tony_Eddison7339@brety.org,Chantry   Lane,Amwell    Road,14240,Buffalo,1-343-364-0870
