employee_id,emp_name,hire_date,email,street_1,street_2,zip,city,phone_number,department_id,job_id
1,Gil Nanton,11/27/2018,Gil_Nanton7284@elnee.tech,Collins  Route,Carol   Tunnel,14102,Buffalo,8-380-611-8287,1,5
2,Chad Durrant,12/18/2018,Chad_Durrant9711@twipet.com,Arundel   Boulevard,Vine  Walk,14103,Buffalo,5-766-875-8424,2,5
3,Ethan Murray,11/10/2018,Ethan_Murray6279@bungar.biz,Arbutus   Road,Longleigh   Route,14104,Buffalo,1-285-817-1532,3,5
4,Javier Rogers,12/1/2018,Javier_Rogers9082@supunk.biz,Mariner  Alley,Apothecary   Street,14105,Buffalo,2-415-020-1528,4,5
5,Chester Miller,11/28/2018,Chester_Miller9862@twipet.com,Baylis  Hill,Bellenden   Lane,14106,Buffalo,5-711-863-5728,5,5
6,Benny Slater,11/19/2018,Benny_Slater5217@joiniaa.com,Aspen Grove,Blendon    Avenue,14107,Buffalo,0-506-820-4628,1,2
7,Nick May,11/28/2018,Nick_May942@acrit.org,Castile  Vale,Boleyn  Grove,14108,Buffalo,3-871-164-3664,1,2
8,Noah Sloan,11/16/2018,Noah_Sloan4939@deons.tech,Vintners  Boulevard,Bell    Lane,14109,Buffalo,1-108-654-2815,1,2
9,Kieth Brett,12/3/2018,Kieth_Brett7841@dionrab.com,Lake Rue,Comet House  Pass,14110,Buffalo,5-410-781-3433,1,2
10,Benny Verdon,12/9/2018,Benny_Verdon8927@gmail.com,Chestnut Rise Hill,Bermondsey    Grove,14111,Buffalo,5-534-528-0001,2,1
11,Nicholas Alexander,12/16/2018,Nicholas_Alexander9843@naiker.biz,Collins  Avenue,Carol   Grove,14112,Buffalo,4-130-662-3340,2,3
12,Harvey Chadwick,12/17/2018,Harvey_Chadwick283@joiniaa.com,Adelaide  Way,Thorndike   Avenue,14113,Buffalo,6-070-784-6775,2,4
13,Benjamin Harris,11/18/2018,Benjamin_Harris2646@nickia.com,Woodland Way,Caxton  Way,14114,Buffalo,4-237-681-4024,2,1
14,Bob Bennett,11/14/2018,Bob_Bennett9696@dionrab.com,Carltoun   Way,Chicksand  Route,14115,Buffalo,6-020-022-4312,2,8
15,Alexander Chapman,11/19/2018,Alexander_Chapman9656@twace.org,St. Jamess  Way,Baylis  Crossroad,14116,Buffalo,1-027-104-0111,2,3
16,Eduardo Terry,12/11/2018,Eduardo_Terry5397@bungar.biz,Blackpool  Pass,Gathorne   Street,14117,Buffalo,8-240-745-1022,2,3
17,Tyson Simpson,11/28/2018,Tyson_Simpson1242@twipet.com,Burton  Vale,Sheringham   Road,14118,Buffalo,1-184-105-4124,2,4
18,Nicholas Wilson,11/18/2018,Nicholas_Wilson5689@tonsy.org,South Grove,Waldram Park  Drive,14119,Buffalo,4-836-141-0341,2,1
19,Anthony Richards,11/6/2018,Anthony_Richards4214@dionrab.com,Udall   Drive,Cloth  Boulevard,14120,Buffalo,2-736-301-8450,2,8
20,Kieth Wright,11/23/2018,Kieth_Wright6458@twace.org,Elgood   Avenue,Sheffield Road,14121,Buffalo,4-865-807-6225,2,4
21,Domenic Willson,12/18/2018,Domenic_Willson9294@muall.tech,Egerton  Route,Bletchley   Vale,14122,Buffalo,5-106-523-6411,2,1
22,Bob White,12/17/2018,Bob_White5474@vetan.org,Kilner   Hill,Emily  Street,14123,Buffalo,6-651-550-7466,2,8
23,Jayden Murphy,12/15/2018,Jayden_Murphy3188@grannar.com,Sundown Grove,Bell    Pass,14124,Buffalo,4-740-770-7561,5,3
24,Carter Vollans,11/30/2018,Carter_Vollans3998@bulaffy.com,Elf  Tunnel,Udall   Tunnel,14125,Buffalo,1-712-574-0012,5,3
25,Bob Hall,12/17/2018,Bob_Hall3500@sveldo.biz,Chatfield  Route,Cable    Walk,14126,Buffalo,0-342-312-6516,5,3
26,Mike Lomax,12/8/2018,Mike_Lomax7109@brety.org,Chantry   Walk,Blue Anchor  Boulevard,14127,Buffalo,8-347-822-2614,5,3
27,Carl Eagle,11/11/2018,Carl_Eagle8678@gembat.biz,Abbots   Road,Carolina  Vale,14128,Buffalo,2-742-617-5172,5,3
28,Gabriel Chapman,12/7/2018,Gabriel_Chapman4175@joiniaa.com,Cedarne  Route,Canal  Rue,14129,Buffalo,2-028-730-7047,3,6
29,Liam Johnson,12/27/2018,Liam_Johnson2714@deons.tech,Blean   Rue,Chalcot  Way,14130,Buffalo,1-717-865-3862,3,7
30,Denis Drew,11/21/2018,Denis_Drew1845@gompie.com,Boldero   Rue,Heritage Lane,14131,Buffalo,6-215-664-7116,3,6
31,Abdul Mcgee,11/23/2018,Abdul_Mcgee3956@dionrab.com,Camley   Alley,Vintners  Pass,14132,Buffalo,4-264-713-1022,3,7
32,Boris Walsh,12/11/2018,Boris_Walsh7249@bretoux.com,Lake Alley,Ayres   Tunnel,14133,Buffalo,0-755-731-7121,3,6
33,Kurt Penn,12/27/2018,Kurt_Penn4850@irrepsy.com,Coborn  Tunnel,Littlebury  Crossroad,14134,Buffalo,0-173-731-8155,3,7
34,Ethan Ianson,11/28/2018,Ethan_Ianson7200@corti.com,Chalcot  Tunnel,Cheltenham  Way,14135,Buffalo,5-277-861-0308,4,8
35,Caleb Murray,11/18/2018,Caleb_Murray3839@nickia.com,Callcott   Pass,Fairbairn  Crossroad,14136,Buffalo,6-436-722-7780,4,9
36,Johnny Antcliff,12/7/2018,Johnny_Antcliff5820@gembat.biz,Cliff  Grove,Ayres   Road,14137,Buffalo,7-607-400-3866,4,9
37,Russel Stewart,12/24/2018,Russel_Stewart9939@supunk.biz,Castle Walk,Aylward   Hill,14138,Buffalo,5-042-036-6346,4,8
38,Jacob Ebden,12/30/2018,Jacob_Ebden6940@vetan.org,Thoresby   Hill,Cleaver Tunnel,14139,Buffalo,7-040-546-7387,5,3
39,Rocco Nelson,11/17/2018,Rocco_Nelson4080@bungar.biz,Canon Vale,Birkenhead   Boulevard,14140,Buffalo,7-160-626-2551,3,6
40,Johnny Hopkins,12/12/2018,Johnny_Hopkins3486@tonsy.org,Dutton   Route,Dunstable   Grove,14141,Buffalo,3-655-521-1541,3,6
