Product_id,product_name,Brand,restock_price,price
1,Cereals,Martell,10,16
2,Seafood,Guaranito,1,2
3,Hygiene products,Heineken,25,42
4,House-cleaning products,Strongbow,15,22
5,Flour,Agua Vida,4,9
6,Ground turkey,Blue Moon,5,12
7,Salmon,Icehouse,20,43
8,Dry Goods,Johnnie Walker,15,25
9,Alcoholic beverages,Pepsi,30,45
10,Flour,Deep River Rock,14,31
11,Bread,Cappy,9,11
12,Personal Care,Chivas Regal,36,49
13,Cheese,Smirnoff,16,48
14,Tea,Budweiser,10,22
15,Baby food,Icehouse,20,34
16,Medicines,Coca Cola,20,42
17,Coffee,Jack Daniels,1,3
18,Cereals,Stella Artois,22,46
19,Personal Care,Evian,30,37
20,Tea,SunnyD,10,12
21,Chicken,Evolution Fresh,20,32
22,Hygiene products,Prigat,21,32
23,Flour,Smirnoff,12,35
24,Personal Care,Brahma,11,19
25,Housewares,Evolution Fresh,29,47
26,Seafood,Chivas Regal,20,32
27,Fish,Frooti,4,8
28,Baby food,Absolut,5,30
29,Baby food,Malibu,10,11
30,House-cleaning products,Johnnie Walker,16,35
31,Fish,Bacardi,8,34
32,Pet foods,Bacardi,12,38
33,Eggs,Bacardi,10,22
34,Grooming products,Absolut,10,17
35,Cosmetics,Keystone Light,20,42
36,Baby food,Evolution Fresh,20,35
37,Coffee,Icehouse,20,39
38,Baby-care,Smirnoff,2,5
39,Mustard,Jack Daniels,17,31
40,Olive oil,Aquafina,11,14
41,Grooming products,Orange Bird,2,3
42,Meat,Jack Daniels,5,35
43,Flowers,Prigat,23,27
44,Alcoholic beverages,Absolut,4,14
45,Tomato sauce,Bud Light,20,48
46,Chicken,Stella Artois,1,12
47,Medicines,Blue Moon,15,20
48,Dishware,Bud Light,4,9
49,Housewares,Jameson,2,5
50,Personal hygiene,Tanqueray,23,31
51,Tea,Frooti,21,47
52,Flowers,Bud Light,2,3
53,Cosmetics,Bacardi,24,28
54,Candies,Chivas Regal,8,21
55,Fish,Martell,20,49
56,Baby food,Icehouse,12,15
57,Dishware,Guinness,32,41
58,Cosmetics,Ciroc,17,26
59,Grooming products,SunnyD,4,6
60,Tea,Jack Daniels,2,23
61,Dairy,Corona,25,26
62,Alcoholic beverages,Cappy,10,15
63,Fish,Juicy Juice,13,42
64,Brown rice,Bacardi,10,11
65,Dry Goods,Highland Spring,0.5,1
66,Meat,Z Lager,0.5,1
67,Alcoholic beverages,Cappy,20,34
68,Tomato sauce,Stella Artois,22,37
69,Seafood,Chivas Regal,10,26
70,Sweets,Blue Moon,4,5
71,Personal Care,Smirnoff,20,37
72,Dishware,Frooti,20,35
73,Meat,Smirnoff,15,26
74,Chicken,Absolut,18,22
75,Toys,Evolution Fresh,32,47
76,Flour,Aquafina,0.5,1
77,Detergents,Juicy Juice,1,8
78,Toys,Grolsch,1,2
79,House-cleaning products,Prigat,1,2
80,Bottled waters,Icehouse,20,38
81,Fruits,Guaranito,15,19
82,Snack foods,Blue Moon,15,44
83,Bread,Moutai,10,11
84,Cosmetics,Budweiser,30,43
85,Candies,Bacardi,28,29
86,Sweets,Aquafina,12,15
87,Baby food,Evolution Fresh,24,33
88,Mustard,Tsingtao,17,25
89,House-cleaning products,Jameson,3,6
90,Diet foods,Jack Daniels,20,23
91,Pet foods,Malibu,2,5
92,Grooming products,Jack Daniels,14,42
93,Decorations,Evolution Fresh,0.5,1
94,Ground turkey,Mumm,3,11
95,Alcoholic beverages,Bacardi,9,13
96,Baby food,SunnyD,15,39
97,Flowers,Blue Moon,19,34
98,Sauces,Pepsi,14,21
99,Pet foods,Coca Cola,20,31
100,Detergents,Nestl? Waters,19,23
